agent_id,agent_name,city,specialization,experience_years,rating
A0000,Agent_0,Chennai,Budget Homes,6,4.3
A0001,Agent_1,Pune,Plots,16,3.38
A0002,Agent_2,Pune,Villas,1,3.44
A0003,Agent_3,Delhi,Apartments,12,3.67
A0004,Agent_4,Mumbai,Budget Homes,13,4.06
A0005,Agent_5,Delhi,Apartments,5,3.54
A0006,Agent_6,Pune,Luxury Homes,18,4.86
A0007,Agent_7,Chennai,Villas,14,4.24
A0008,Agent_8,Chennai,Budget Homes,13,4.17
A0009,Agent_9,Mumbai,Budget Homes,10,3.79
A0010,Agent_10,Delhi,Luxury Homes,6,4.91
A0011,Agent_11,Bangalore,Plots,20,3.32
A0012,Agent_12,Mumbai,Budget Homes,9,4.73
A0013,Agent_13,Chennai,Luxury Homes,6,3.42
A0014,Agent_14,Chennai,Villas,6,3.83
A0015,Agent_15,Hyderabad,Luxury Homes,5,3.12
A0016,Agent_16,Delhi,Luxury Homes,9,3.88
A0017,Agent_17,Hyderabad,Apartments,1,3.13
A0018,Agent_18,Pune,Budget Homes,19,3.44
A0019,Agent_19,Hyderabad,Villas,18,4.4
A0020,Agent_20,Chennai,Villas,9,3.04
A0021,Agent_21,Hyderabad,Villas,17,4.05
A0022,Agent_22,Mumbai,Luxury Homes,10,3.21
A0023,Agent_23,Hyderabad,Plots,11,4.43
A0024,Agent_24,Chennai,Budget Homes,14,4.1
A0025,Agent_25,Bangalore,Villas,8,4.13
A0026,Agent_26,Bangalore,Luxury Homes,1,4.44
A0027,Agent_27,Bangalore,Luxury Homes,11,4.47
A0028,Agent_28,Chennai,Villas,18,4.37
A0029,Agent_29,Hyderabad,Plots,19,3.16
A0030,Agent_30,Pune,Plots,11,4.31
A0031,Agent_31,Chennai,Budget Homes,12,3.76
A0032,Agent_32,Chennai,Apartments,12,4.57
A0033,Agent_33,Pune,Luxury Homes,18,4.39
A0034,Agent_34,Pune,Plots,3,3.86
A0035,Agent_35,Chennai,Luxury Homes,18,3.91
A0036,Agent_36,Delhi,Plots,10,4.11
A0037,Agent_37,Bangalore,Luxury Homes,20,3.26
A0038,Agent_38,Bangalore,Villas,17,3.84
A0039,Agent_39,Hyderabad,Villas,3,4.18
A0040,Agent_40,Bangalore,Budget Homes,15,4.5
A0041,Agent_41,Mumbai,Plots,10,3.51
A0042,Agent_42,Mumbai,Apartments,7,4.56
A0043,Agent_43,Bangalore,Budget Homes,4,4.67
A0044,Agent_44,Hyderabad,Plots,17,3.78
A0045,Agent_45,Chennai,Plots,9,3.54
A0046,Agent_46,Mumbai,Apartments,12,4.86
A0047,Agent_47,Delhi,Plots,14,4.7
A0048,Agent_48,Chennai,Luxury Homes,5,4.32
A0049,Agent_49,Bangalore,Villas,3,4.25
A0050,Agent_50,Pune,Villas,1,3.68
A0051,Agent_51,Pune,Budget Homes,19,3.94
A0052,Agent_52,Mumbai,Villas,18,4.12
A0053,Agent_53,Bangalore,Luxury Homes,7,4.16
A0054,Agent_54,Mumbai,Villas,6,3.28
A0055,Agent_55,Hyderabad,Budget Homes,19,3.94
A0056,Agent_56,Hyderabad,Villas,17,4.84
A0057,Agent_57,Pune,Villas,8,3.39
A0058,Agent_58,Pune,Villas,12,3.99
A0059,Agent_59,Hyderabad,Budget Homes,18,4.91
A0060,Agent_60,Mumbai,Apartments,11,4.57
A0061,Agent_61,Bangalore,Plots,6,3.19
A0062,Agent_62,Bangalore,Villas,8,3.67
A0063,Agent_63,Mumbai,Plots,10,4.49
A0064,Agent_64,Mumbai,Villas,19,3.48
A0065,Agent_65,Hyderabad,Apartments,11,3.97
A0066,Agent_66,Bangalore,Budget Homes,15,3.45
A0067,Agent_67,Bangalore,Apartments,15,3.88
A0068,Agent_68,Pune,Luxury Homes,19,3.8
A0069,Agent_69,Chennai,Villas,10,4.5
A0070,Agent_70,Bangalore,Apartments,20,3.91
A0071,Agent_71,Chennai,Villas,8,3.24
A0072,Agent_72,Mumbai,Luxury Homes,20,4.08
A0073,Agent_73,Bangalore,Luxury Homes,11,4.67
A0074,Agent_74,Pune,Plots,14,3.91
A0075,Agent_75,Pune,Villas,14,3.2
A0076,Agent_76,Bangalore,Apartments,6,3.72
A0077,Agent_77,Mumbai,Plots,20,4.8
A0078,Agent_78,Bangalore,Budget Homes,11,3.93
A0079,Agent_79,Bangalore,Budget Homes,2,3.4
A0080,Agent_80,Chennai,Budget Homes,6,3.2
A0081,Agent_81,Mumbai,Budget Homes,6,3.22
A0082,Agent_82,Delhi,Plots,9,4.35
A0083,Agent_83,Bangalore,Plots,14,4.27
A0084,Agent_84,Delhi,Plots,2,3.01
A0085,Agent_85,Bangalore,Apartments,14,3.43
A0086,Agent_86,Delhi,Luxury Homes,7,3.87
A0087,Agent_87,Chennai,Budget Homes,3,3.65
A0088,Agent_88,Mumbai,Plots,1,4.7
A0089,Agent_89,Hyderabad,Apartments,12,3.96
A0090,Agent_90,Hyderabad,Budget Homes,19,4.79
A0091,Agent_91,Mumbai,Plots,11,3.31
A0092,Agent_92,Delhi,Plots,18,4.47
A0093,Agent_93,Hyderabad,Budget Homes,5,3.25
A0094,Agent_94,Pune,Plots,8,4.08
A0095,Agent_95,Chennai,Luxury Homes,19,4.47
A0096,Agent_96,Chennai,Budget Homes,1,4.44
A0097,Agent_97,Bangalore,Apartments,13,4.38
A0098,Agent_98,Mumbai,Villas,9,4.66
A0099,Agent_99,Mumbai,Plots,9,4.09
A0100,Agent_100,Bangalore,Plots,3,3.32
A0101,Agent_101,Bangalore,Apartments,14,3.84
A0102,Agent_102,Mumbai,Apartments,13,3.34
A0103,Agent_103,Mumbai,Luxury Homes,6,4.35
A0104,Agent_104,Pune,Plots,16,3.93
A0105,Agent_105,Pune,Villas,7,4.83
A0106,Agent_106,Pune,Plots,16,4.67
A0107,Agent_107,Mumbai,Luxury Homes,15,3.47
A0108,Agent_108,Pune,Villas,12,3.73
A0109,Agent_109,Bangalore,Luxury Homes,18,4.06
A0110,Agent_110,Chennai,Luxury Homes,4,4.71
A0111,Agent_111,Mumbai,Budget Homes,12,4.5
A0112,Agent_112,Bangalore,Budget Homes,3,4.92
A0113,Agent_113,Hyderabad,Apartments,13,3.83
A0114,Agent_114,Hyderabad,Budget Homes,5,3.55
A0115,Agent_115,Mumbai,Luxury Homes,6,3.91
A0116,Agent_116,Mumbai,Villas,6,4.11
A0117,Agent_117,Hyderabad,Apartments,9,3.55
A0118,Agent_118,Bangalore,Plots,2,3.19
A0119,Agent_119,Mumbai,Plots,7,4.17
A0120,Agent_120,Delhi,Budget Homes,5,4.15
A0121,Agent_121,Bangalore,Villas,7,4.99
A0122,Agent_122,Chennai,Plots,14,3.88
A0123,Agent_123,Delhi,Apartments,12,4.84
A0124,Agent_124,Hyderabad,Apartments,16,3.89
A0125,Agent_125,Chennai,Plots,4,3.32
A0126,Agent_126,Pune,Luxury Homes,15,4.6
A0127,Agent_127,Hyderabad,Budget Homes,11,3.22
A0128,Agent_128,Hyderabad,Apartments,11,4.62
A0129,Agent_129,Hyderabad,Plots,1,4.58
A0130,Agent_130,Hyderabad,Plots,11,3.08
A0131,Agent_131,Chennai,Luxury Homes,4,4.83
A0132,Agent_132,Hyderabad,Apartments,12,3.88
A0133,Agent_133,Chennai,Plots,5,4.17
A0134,Agent_134,Hyderabad,Plots,6,4.3
A0135,Agent_135,Bangalore,Budget Homes,5,3.16
A0136,Agent_136,Hyderabad,Plots,9,4.7
A0137,Agent_137,Mumbai,Apartments,15,3.41
A0138,Agent_138,Chennai,Plots,4,3.02
A0139,Agent_139,Bangalore,Villas,19,4.58
A0140,Agent_140,Chennai,Plots,6,4.33
A0141,Agent_141,Mumbai,Apartments,11,4.77
A0142,Agent_142,Bangalore,Budget Homes,1,4.18
A0143,Agent_143,Mumbai,Villas,2,3.15
A0144,Agent_144,Hyderabad,Plots,16,3.8
A0145,Agent_145,Pune,Luxury Homes,3,3.04
A0146,Agent_146,Hyderabad,Plots,18,3.07
A0147,Agent_147,Hyderabad,Budget Homes,6,4.74
A0148,Agent_148,Mumbai,Luxury Homes,13,3.76
A0149,Agent_149,Pune,Apartments,16,4.85
A0150,Agent_150,Hyderabad,Luxury Homes,2,3.7
A0151,Agent_151,Bangalore,Luxury Homes,20,4.61
A0152,Agent_152,Hyderabad,Apartments,11,3.27
A0153,Agent_153,Delhi,Plots,20,3.3
A0154,Agent_154,Delhi,Budget Homes,20,3.31
A0155,Agent_155,Chennai,Luxury Homes,18,4.86
A0156,Agent_156,Pune,Luxury Homes,6,4.57
A0157,Agent_157,Pune,Budget Homes,9,4.92
A0158,Agent_158,Delhi,Budget Homes,4,4.42
A0159,Agent_159,Mumbai,Villas,16,4.78
A0160,Agent_160,Mumbai,Luxury Homes,20,4.47
A0161,Agent_161,Pune,Apartments,3,4.01
A0162,Agent_162,Hyderabad,Apartments,18,4.76
A0163,Agent_163,Chennai,Budget Homes,5,4.31
A0164,Agent_164,Mumbai,Villas,3,4.67
A0165,Agent_165,Mumbai,Villas,2,3.63
A0166,Agent_166,Chennai,Luxury Homes,1,3.84
A0167,Agent_167,Hyderabad,Luxury Homes,16,3.06
A0168,Agent_168,Pune,Luxury Homes,4,3.52
A0169,Agent_169,Mumbai,Villas,13,4.96
A0170,Agent_170,Pune,Villas,1,4.45
A0171,Agent_171,Chennai,Villas,20,3.18
A0172,Agent_172,Mumbai,Plots,11,4.23
A0173,Agent_173,Chennai,Plots,6,4.09
A0174,Agent_174,Pune,Villas,16,4.22
A0175,Agent_175,Pune,Plots,19,3.04
A0176,Agent_176,Delhi,Apartments,16,4.64
A0177,Agent_177,Mumbai,Apartments,6,3.74
A0178,Agent_178,Hyderabad,Budget Homes,9,4.37
A0179,Agent_179,Bangalore,Luxury Homes,12,3.43
A0180,Agent_180,Bangalore,Villas,18,4.69
A0181,Agent_181,Bangalore,Villas,13,4.94
A0182,Agent_182,Hyderabad,Budget Homes,1,3.28
A0183,Agent_183,Delhi,Budget Homes,11,3.65
A0184,Agent_184,Pune,Luxury Homes,2,3.26
A0185,Agent_185,Delhi,Villas,6,3.69
A0186,Agent_186,Bangalore,Apartments,8,3.66
A0187,Agent_187,Hyderabad,Plots,7,3.74
A0188,Agent_188,Pune,Luxury Homes,16,4.6
A0189,Agent_189,Mumbai,Budget Homes,18,4.08
A0190,Agent_190,Pune,Villas,15,3.1
A0191,Agent_191,Mumbai,Luxury Homes,8,4.81
A0192,Agent_192,Mumbai,Villas,8,3.98
A0193,Agent_193,Hyderabad,Budget Homes,10,4.02
A0194,Agent_194,Hyderabad,Budget Homes,19,3.7
A0195,Agent_195,Pune,Apartments,13,3.46
A0196,Agent_196,Bangalore,Villas,9,4.67
A0197,Agent_197,Mumbai,Apartments,8,4.15
A0198,Agent_198,Delhi,Plots,16,4.58
A0199,Agent_199,Bangalore,Plots,2,4.55
A0200,Agent_200,Chennai,Villas,15,4.87
A0201,Agent_201,Delhi,Luxury Homes,13,4.53
A0202,Agent_202,Chennai,Apartments,14,4.04
A0203,Agent_203,Bangalore,Plots,19,3.5
A0204,Agent_204,Mumbai,Budget Homes,19,4.91
A0205,Agent_205,Hyderabad,Luxury Homes,17,4.5
A0206,Agent_206,Delhi,Plots,8,3.99
A0207,Agent_207,Bangalore,Budget Homes,9,4.61
A0208,Agent_208,Bangalore,Villas,13,3.87
A0209,Agent_209,Chennai,Apartments,20,4.19
A0210,Agent_210,Hyderabad,Plots,3,3.35
A0211,Agent_211,Pune,Villas,2,3.76
A0212,Agent_212,Delhi,Villas,20,4.88
A0213,Agent_213,Pune,Apartments,11,3.04
A0214,Agent_214,Pune,Villas,14,4.81
A0215,Agent_215,Mumbai,Villas,20,4.66
A0216,Agent_216,Mumbai,Apartments,7,3.9
A0217,Agent_217,Mumbai,Plots,19,4.69
A0218,Agent_218,Pune,Luxury Homes,2,4.38
A0219,Agent_219,Delhi,Plots,17,3.3
A0220,Agent_220,Delhi,Villas,4,3.79
A0221,Agent_221,Mumbai,Plots,18,3.95
A0222,Agent_222,Mumbai,Budget Homes,15,3.57
A0223,Agent_223,Pune,Budget Homes,20,3.29
A0224,Agent_224,Hyderabad,Budget Homes,10,3.47
A0225,Agent_225,Mumbai,Budget Homes,20,3.07
A0226,Agent_226,Chennai,Luxury Homes,10,4.96
A0227,Agent_227,Hyderabad,Plots,4,3.73
A0228,Agent_228,Pune,Plots,16,4.37
A0229,Agent_229,Delhi,Luxury Homes,14,4.28
A0230,Agent_230,Chennai,Luxury Homes,9,3.96
A0231,Agent_231,Hyderabad,Villas,3,4.26
A0232,Agent_232,Bangalore,Plots,14,3.1
A0233,Agent_233,Hyderabad,Plots,10,3.44
A0234,Agent_234,Bangalore,Villas,8,4.21
A0235,Agent_235,Hyderabad,Luxury Homes,16,4.31
A0236,Agent_236,Delhi,Luxury Homes,20,4.96
A0237,Agent_237,Pune,Luxury Homes,9,3.5
A0238,Agent_238,Pune,Apartments,2,4.25
A0239,Agent_239,Hyderabad,Plots,3,3.95
A0240,Agent_240,Mumbai,Plots,18,3.98
A0241,Agent_241,Pune,Apartments,18,4.46
A0242,Agent_242,Hyderabad,Plots,2,4.97
A0243,Agent_243,Pune,Apartments,17,4.75
A0244,Agent_244,Chennai,Plots,17,3.09
A0245,Agent_245,Mumbai,Plots,9,3.65
A0246,Agent_246,Delhi,Villas,2,4.18
A0247,Agent_247,Chennai,Apartments,3,3.02
A0248,Agent_248,Pune,Budget Homes,6,3.2
A0249,Agent_249,Chennai,Budget Homes,19,3.03
A0250,Agent_250,Mumbai,Budget Homes,14,4.92
A0251,Agent_251,Hyderabad,Plots,12,3.76
A0252,Agent_252,Delhi,Budget Homes,2,3.24
A0253,Agent_253,Hyderabad,Villas,11,4.73
A0254,Agent_254,Bangalore,Plots,16,4.43
A0255,Agent_255,Bangalore,Luxury Homes,17,3.6
A0256,Agent_256,Delhi,Apartments,6,4.27
A0257,Agent_257,Bangalore,Plots,13,4.88
A0258,Agent_258,Bangalore,Villas,16,4.26
A0259,Agent_259,Bangalore,Villas,7,4.36
A0260,Agent_260,Hyderabad,Budget Homes,1,3.28
A0261,Agent_261,Mumbai,Apartments,11,4.29
A0262,Agent_262,Chennai,Plots,14,3.41
A0263,Agent_263,Delhi,Luxury Homes,5,4.07
A0264,Agent_264,Mumbai,Budget Homes,20,3.79
A0265,Agent_265,Delhi,Villas,9,3.09
A0266,Agent_266,Delhi,Apartments,20,4.55
A0267,Agent_267,Chennai,Budget Homes,20,4.15
A0268,Agent_268,Bangalore,Villas,6,3.5
A0269,Agent_269,Bangalore,Budget Homes,8,4.8
A0270,Agent_270,Chennai,Apartments,16,4.1
A0271,Agent_271,Chennai,Plots,20,4.58
A0272,Agent_272,Delhi,Plots,14,3.82
A0273,Agent_273,Bangalore,Plots,1,3.92
A0274,Agent_274,Delhi,Luxury Homes,18,4.25
A0275,Agent_275,Hyderabad,Plots,11,3.91
A0276,Agent_276,Hyderabad,Villas,4,4.31
A0277,Agent_277,Hyderabad,Apartments,8,4.46
A0278,Agent_278,Hyderabad,Villas,16,3.74
A0279,Agent_279,Delhi,Luxury Homes,12,4.15
A0280,Agent_280,Chennai,Luxury Homes,10,3.25
A0281,Agent_281,Pune,Apartments,11,4.84
A0282,Agent_282,Hyderabad,Apartments,11,4.35
A0283,Agent_283,Mumbai,Luxury Homes,14,4.86
A0284,Agent_284,Delhi,Luxury Homes,2,3.5
A0285,Agent_285,Hyderabad,Apartments,15,4.09
A0286,Agent_286,Hyderabad,Budget Homes,7,4.97
A0287,Agent_287,Hyderabad,Plots,8,4.3
A0288,Agent_288,Mumbai,Apartments,20,3.91
A0289,Agent_289,Pune,Luxury Homes,2,3.6
A0290,Agent_290,Pune,Villas,5,4.04
A0291,Agent_291,Pune,Apartments,15,4.21
A0292,Agent_292,Hyderabad,Luxury Homes,14,3.63
A0293,Agent_293,Chennai,Apartments,3,4.41
A0294,Agent_294,Delhi,Luxury Homes,20,4.77
A0295,Agent_295,Pune,Apartments,10,4.99
A0296,Agent_296,Bangalore,Budget Homes,4,3.5
A0297,Agent_297,Pune,Budget Homes,5,4.73
A0298,Agent_298,Mumbai,Villas,2,4.82
A0299,Agent_299,Hyderabad,Plots,11,3.67
A0300,Agent_300,Hyderabad,Apartments,19,4.47
A0301,Agent_301,Chennai,Villas,1,3.12
A0302,Agent_302,Delhi,Plots,15,3.17
A0303,Agent_303,Mumbai,Budget Homes,17,4.84
A0304,Agent_304,Chennai,Luxury Homes,10,3.91
A0305,Agent_305,Chennai,Villas,3,4.45
A0306,Agent_306,Chennai,Plots,10,3.51
A0307,Agent_307,Pune,Luxury Homes,7,4.51
A0308,Agent_308,Hyderabad,Budget Homes,8,3.1
A0309,Agent_309,Hyderabad,Plots,14,3.77
A0310,Agent_310,Hyderabad,Budget Homes,16,3.76
A0311,Agent_311,Pune,Budget Homes,1,3.7
A0312,Agent_312,Bangalore,Villas,9,4.66
A0313,Agent_313,Mumbai,Plots,1,3.35
A0314,Agent_314,Delhi,Plots,10,3.85
A0315,Agent_315,Hyderabad,Budget Homes,6,4.11
A0316,Agent_316,Mumbai,Plots,1,4.22
A0317,Agent_317,Mumbai,Villas,15,4.07
A0318,Agent_318,Bangalore,Apartments,16,3.98
A0319,Agent_319,Mumbai,Budget Homes,10,3.74
A0320,Agent_320,Delhi,Budget Homes,3,3.19
A0321,Agent_321,Hyderabad,Villas,3,3.64
A0322,Agent_322,Mumbai,Villas,13,4.06
A0323,Agent_323,Chennai,Apartments,6,3.11
A0324,Agent_324,Bangalore,Villas,13,3.88
A0325,Agent_325,Pune,Apartments,16,4.96
A0326,Agent_326,Bangalore,Luxury Homes,8,4.85
A0327,Agent_327,Bangalore,Luxury Homes,8,3.09
A0328,Agent_328,Chennai,Budget Homes,4,3.67
A0329,Agent_329,Bangalore,Plots,9,3.47
A0330,Agent_330,Mumbai,Budget Homes,7,3.05
A0331,Agent_331,Delhi,Apartments,2,4.05
A0332,Agent_332,Chennai,Budget Homes,5,4.71
A0333,Agent_333,Pune,Luxury Homes,19,4.45
A0334,Agent_334,Chennai,Luxury Homes,13,3.61
A0335,Agent_335,Pune,Luxury Homes,9,3.36
A0336,Agent_336,Pune,Apartments,1,3.71
A0337,Agent_337,Delhi,Plots,5,4.49
A0338,Agent_338,Bangalore,Luxury Homes,2,3.81
A0339,Agent_339,Mumbai,Apartments,6,4.16
A0340,Agent_340,Delhi,Budget Homes,20,4.39
A0341,Agent_341,Mumbai,Plots,8,4.73
A0342,Agent_342,Pune,Plots,12,4.49
A0343,Agent_343,Bangalore,Budget Homes,4,4.77
A0344,Agent_344,Pune,Apartments,19,4.2
A0345,Agent_345,Delhi,Plots,18,3.73
A0346,Agent_346,Bangalore,Plots,10,3.19
A0347,Agent_347,Pune,Villas,17,3.04
A0348,Agent_348,Bangalore,Villas,15,3.43
A0349,Agent_349,Pune,Luxury Homes,14,3.41
A0350,Agent_350,Bangalore,Budget Homes,6,4.44
A0351,Agent_351,Hyderabad,Plots,7,4.54
A0352,Agent_352,Hyderabad,Plots,14,3.99
A0353,Agent_353,Delhi,Plots,12,3.81
A0354,Agent_354,Mumbai,Budget Homes,17,3.81
A0355,Agent_355,Hyderabad,Plots,4,4.98
A0356,Agent_356,Chennai,Apartments,13,4.09
A0357,Agent_357,Pune,Villas,18,3.1
A0358,Agent_358,Chennai,Plots,7,3.71
A0359,Agent_359,Delhi,Villas,2,4.98
A0360,Agent_360,Delhi,Plots,4,3.25
A0361,Agent_361,Mumbai,Budget Homes,3,3.88
A0362,Agent_362,Delhi,Apartments,7,4.28
A0363,Agent_363,Pune,Plots,8,3.55
A0364,Agent_364,Bangalore,Budget Homes,5,3.4
A0365,Agent_365,Chennai,Plots,18,4.99
A0366,Agent_366,Delhi,Apartments,3,3.2
A0367,Agent_367,Mumbai,Luxury Homes,17,4.23
A0368,Agent_368,Chennai,Budget Homes,6,4.6
A0369,Agent_369,Bangalore,Luxury Homes,2,4.61
A0370,Agent_370,Bangalore,Budget Homes,10,4.19
A0371,Agent_371,Pune,Budget Homes,19,4.88
A0372,Agent_372,Delhi,Villas,10,4.97
A0373,Agent_373,Delhi,Plots,7,3.21
A0374,Agent_374,Mumbai,Budget Homes,12,3.56
A0375,Agent_375,Bangalore,Budget Homes,18,4.6
A0376,Agent_376,Chennai,Apartments,8,4.13
A0377,Agent_377,Pune,Luxury Homes,8,3.27
A0378,Agent_378,Mumbai,Plots,9,3.09
A0379,Agent_379,Delhi,Villas,11,4.14
A0380,Agent_380,Chennai,Budget Homes,12,4.76
A0381,Agent_381,Hyderabad,Villas,2,3.53
A0382,Agent_382,Mumbai,Plots,1,3.35
A0383,Agent_383,Bangalore,Luxury Homes,3,4.18
A0384,Agent_384,Delhi,Villas,13,4.84
A0385,Agent_385,Hyderabad,Villas,18,4.88
A0386,Agent_386,Bangalore,Luxury Homes,6,4.94
A0387,Agent_387,Delhi,Luxury Homes,14,3.87
A0388,Agent_388,Bangalore,Plots,14,4.42
A0389,Agent_389,Delhi,Villas,9,3.92
A0390,Agent_390,Hyderabad,Apartments,1,4.93
A0391,Agent_391,Bangalore,Apartments,5,4.99
A0392,Agent_392,Hyderabad,Budget Homes,18,4.12
A0393,Agent_393,Bangalore,Luxury Homes,10,4.11
A0394,Agent_394,Hyderabad,Luxury Homes,20,3.52
A0395,Agent_395,Mumbai,Luxury Homes,10,3.65
A0396,Agent_396,Pune,Villas,7,3.97
A0397,Agent_397,Chennai,Budget Homes,7,3.15
A0398,Agent_398,Delhi,Apartments,6,4.96
A0399,Agent_399,Mumbai,Luxury Homes,11,4.07
A0400,Agent_400,Hyderabad,Luxury Homes,12,3.12
A0401,Agent_401,Mumbai,Plots,14,3.12
A0402,Agent_402,Delhi,Plots,12,4.96
A0403,Agent_403,Hyderabad,Apartments,12,4.49
A0404,Agent_404,Hyderabad,Plots,19,3.76
A0405,Agent_405,Bangalore,Plots,15,3.05
A0406,Agent_406,Hyderabad,Apartments,12,4.0
A0407,Agent_407,Delhi,Apartments,8,4.81
A0408,Agent_408,Hyderabad,Budget Homes,13,4.96
A0409,Agent_409,Pune,Villas,5,4.2
A0410,Agent_410,Mumbai,Apartments,7,3.81
A0411,Agent_411,Bangalore,Villas,15,4.06
A0412,Agent_412,Hyderabad,Apartments,9,4.67
A0413,Agent_413,Delhi,Luxury Homes,13,4.72
A0414,Agent_414,Chennai,Luxury Homes,16,3.34
A0415,Agent_415,Hyderabad,Plots,16,4.55
A0416,Agent_416,Pune,Luxury Homes,7,3.31
A0417,Agent_417,Chennai,Villas,14,3.17
A0418,Agent_418,Hyderabad,Luxury Homes,13,3.72
A0419,Agent_419,Chennai,Luxury Homes,20,4.48
A0420,Agent_420,Chennai,Budget Homes,16,4.0
A0421,Agent_421,Pune,Plots,20,4.72
A0422,Agent_422,Chennai,Budget Homes,3,3.86
A0423,Agent_423,Chennai,Plots,18,4.99
A0424,Agent_424,Pune,Apartments,11,3.87
A0425,Agent_425,Mumbai,Luxury Homes,5,4.62
A0426,Agent_426,Pune,Luxury Homes,12,4.52
A0427,Agent_427,Hyderabad,Apartments,3,3.59
A0428,Agent_428,Chennai,Villas,4,3.31
A0429,Agent_429,Delhi,Apartments,10,3.32
A0430,Agent_430,Mumbai,Plots,5,3.79
A0431,Agent_431,Pune,Plots,9,3.71
A0432,Agent_432,Bangalore,Plots,4,3.68
A0433,Agent_433,Hyderabad,Apartments,14,3.43
A0434,Agent_434,Delhi,Luxury Homes,20,4.69
A0435,Agent_435,Pune,Luxury Homes,16,4.7
A0436,Agent_436,Bangalore,Plots,18,3.02
A0437,Agent_437,Mumbai,Budget Homes,20,4.78
A0438,Agent_438,Bangalore,Luxury Homes,13,4.93
A0439,Agent_439,Chennai,Luxury Homes,17,3.73
A0440,Agent_440,Chennai,Villas,1,3.64
A0441,Agent_441,Bangalore,Apartments,12,4.04
A0442,Agent_442,Mumbai,Budget Homes,10,4.97
A0443,Agent_443,Hyderabad,Apartments,16,3.7
A0444,Agent_444,Delhi,Plots,11,3.83
A0445,Agent_445,Delhi,Plots,15,3.71
A0446,Agent_446,Pune,Luxury Homes,14,3.26
A0447,Agent_447,Pune,Luxury Homes,7,4.09
A0448,Agent_448,Mumbai,Plots,7,3.25
A0449,Agent_449,Delhi,Apartments,1,3.26
A0450,Agent_450,Delhi,Plots,6,3.43
A0451,Agent_451,Chennai,Budget Homes,9,4.46
A0452,Agent_452,Bangalore,Budget Homes,19,4.7
A0453,Agent_453,Chennai,Luxury Homes,2,4.21
A0454,Agent_454,Hyderabad,Luxury Homes,18,4.56
A0455,Agent_455,Mumbai,Budget Homes,17,4.83
A0456,Agent_456,Pune,Villas,6,3.28
A0457,Agent_457,Mumbai,Apartments,1,3.63
A0458,Agent_458,Mumbai,Plots,15,4.51
A0459,Agent_459,Pune,Budget Homes,16,3.8
A0460,Agent_460,Pune,Villas,11,4.41
A0461,Agent_461,Hyderabad,Plots,20,4.48
A0462,Agent_462,Delhi,Plots,20,4.08
A0463,Agent_463,Hyderabad,Luxury Homes,20,3.2
A0464,Agent_464,Hyderabad,Budget Homes,8,3.21
A0465,Agent_465,Pune,Budget Homes,17,3.93
A0466,Agent_466,Chennai,Budget Homes,19,3.9
A0467,Agent_467,Mumbai,Plots,17,4.9
A0468,Agent_468,Bangalore,Villas,16,3.41
A0469,Agent_469,Chennai,Plots,1,3.04
A0470,Agent_470,Hyderabad,Plots,4,4.02
A0471,Agent_471,Pune,Apartments,1,3.18
A0472,Agent_472,Bangalore,Budget Homes,14,3.42
A0473,Agent_473,Chennai,Luxury Homes,4,3.86
A0474,Agent_474,Delhi,Apartments,13,3.8
A0475,Agent_475,Bangalore,Plots,14,4.35
A0476,Agent_476,Hyderabad,Villas,15,3.62
A0477,Agent_477,Pune,Apartments,15,4.76
A0478,Agent_478,Hyderabad,Plots,15,4.73
A0479,Agent_479,Chennai,Apartments,11,3.33
A0480,Agent_480,Bangalore,Apartments,3,4.41
A0481,Agent_481,Chennai,Luxury Homes,10,4.22
A0482,Agent_482,Bangalore,Villas,1,4.79
A0483,Agent_483,Mumbai,Plots,9,4.51
A0484,Agent_484,Pune,Apartments,12,3.37
A0485,Agent_485,Bangalore,Budget Homes,1,4.17
A0486,Agent_486,Mumbai,Plots,12,4.41
A0487,Agent_487,Delhi,Luxury Homes,16,4.65
A0488,Agent_488,Pune,Villas,6,3.02
A0489,Agent_489,Chennai,Villas,13,4.08
A0490,Agent_490,Bangalore,Luxury Homes,16,3.08
A0491,Agent_491,Hyderabad,Budget Homes,14,3.45
A0492,Agent_492,Hyderabad,Apartments,5,3.98
A0493,Agent_493,Pune,Plots,3,4.39
A0494,Agent_494,Chennai,Luxury Homes,19,3.68
A0495,Agent_495,Delhi,Budget Homes,7,3.44
A0496,Agent_496,Mumbai,Plots,10,4.83
A0497,Agent_497,Bangalore,Villas,5,3.14
A0498,Agent_498,Bangalore,Budget Homes,17,3.5
A0499,Agent_499,Chennai,Apartments,12,3.69
A0500,Agent_500,Delhi,Luxury Homes,11,4.25
A0501,Agent_501,Mumbai,Plots,16,3.86
A0502,Agent_502,Pune,Villas,8,4.57
A0503,Agent_503,Bangalore,Plots,19,3.51
A0504,Agent_504,Delhi,Apartments,19,4.03
A0505,Agent_505,Mumbai,Plots,2,3.95
A0506,Agent_506,Pune,Plots,16,3.61
A0507,Agent_507,Mumbai,Villas,1,4.92
A0508,Agent_508,Hyderabad,Plots,7,3.12
A0509,Agent_509,Chennai,Apartments,13,3.44
A0510,Agent_510,Bangalore,Luxury Homes,10,3.14
A0511,Agent_511,Delhi,Budget Homes,16,3.03
A0512,Agent_512,Hyderabad,Plots,4,4.67
A0513,Agent_513,Chennai,Plots,15,3.83
A0514,Agent_514,Mumbai,Luxury Homes,18,3.29
A0515,Agent_515,Pune,Apartments,15,3.07
A0516,Agent_516,Delhi,Apartments,15,3.11
A0517,Agent_517,Delhi,Villas,19,3.66
A0518,Agent_518,Bangalore,Apartments,8,3.63
A0519,Agent_519,Pune,Luxury Homes,10,3.93
A0520,Agent_520,Bangalore,Plots,4,4.16
A0521,Agent_521,Delhi,Villas,12,4.5
A0522,Agent_522,Mumbai,Villas,8,3.22
A0523,Agent_523,Delhi,Plots,8,3.75
A0524,Agent_524,Mumbai,Apartments,18,4.63
A0525,Agent_525,Chennai,Villas,3,3.46
A0526,Agent_526,Bangalore,Villas,13,3.04
A0527,Agent_527,Delhi,Plots,2,4.85
A0528,Agent_528,Chennai,Apartments,18,3.46
A0529,Agent_529,Delhi,Luxury Homes,16,4.85
A0530,Agent_530,Pune,Villas,2,4.04
A0531,Agent_531,Bangalore,Villas,16,4.98
A0532,Agent_532,Chennai,Budget Homes,10,5.0
A0533,Agent_533,Delhi,Plots,18,4.37
A0534,Agent_534,Mumbai,Budget Homes,11,4.52
A0535,Agent_535,Delhi,Budget Homes,11,3.45
A0536,Agent_536,Mumbai,Apartments,16,4.06
A0537,Agent_537,Bangalore,Budget Homes,6,5.0
A0538,Agent_538,Mumbai,Luxury Homes,4,4.31
A0539,Agent_539,Delhi,Plots,13,3.72
A0540,Agent_540,Pune,Plots,10,4.98
A0541,Agent_541,Delhi,Apartments,1,3.05
A0542,Agent_542,Pune,Budget Homes,9,4.87
A0543,Agent_543,Mumbai,Budget Homes,10,4.93
A0544,Agent_544,Bangalore,Budget Homes,13,3.37
A0545,Agent_545,Chennai,Villas,8,4.6
A0546,Agent_546,Delhi,Budget Homes,3,3.14
A0547,Agent_547,Pune,Villas,3,4.8
A0548,Agent_548,Bangalore,Apartments,6,4.6
A0549,Agent_549,Delhi,Apartments,6,3.84
A0550,Agent_550,Hyderabad,Budget Homes,15,4.98
A0551,Agent_551,Pune,Budget Homes,13,3.59
A0552,Agent_552,Bangalore,Villas,16,3.22
A0553,Agent_553,Hyderabad,Luxury Homes,17,4.84
A0554,Agent_554,Bangalore,Budget Homes,18,3.26
A0555,Agent_555,Bangalore,Villas,16,3.66
A0556,Agent_556,Delhi,Villas,20,3.74
A0557,Agent_557,Pune,Budget Homes,20,3.91
A0558,Agent_558,Mumbai,Villas,2,4.38
A0559,Agent_559,Bangalore,Villas,11,4.67
A0560,Agent_560,Mumbai,Budget Homes,11,3.16
A0561,Agent_561,Hyderabad,Apartments,5,4.32
A0562,Agent_562,Pune,Villas,4,4.59
A0563,Agent_563,Pune,Plots,18,3.88
A0564,Agent_564,Delhi,Luxury Homes,14,3.46
A0565,Agent_565,Delhi,Luxury Homes,4,4.5
A0566,Agent_566,Bangalore,Luxury Homes,3,3.6
A0567,Agent_567,Chennai,Luxury Homes,17,3.22
A0568,Agent_568,Bangalore,Luxury Homes,9,4.27
A0569,Agent_569,Chennai,Plots,7,3.56
A0570,Agent_570,Mumbai,Apartments,18,4.93
A0571,Agent_571,Hyderabad,Villas,5,4.44
A0572,Agent_572,Mumbai,Villas,8,3.2
A0573,Agent_573,Hyderabad,Plots,16,3.42
A0574,Agent_574,Delhi,Luxury Homes,5,4.86
A0575,Agent_575,Hyderabad,Apartments,9,3.18
A0576,Agent_576,Delhi,Luxury Homes,18,3.69
A0577,Agent_577,Bangalore,Villas,6,3.19
A0578,Agent_578,Mumbai,Plots,12,3.53
A0579,Agent_579,Hyderabad,Apartments,20,3.62
A0580,Agent_580,Mumbai,Budget Homes,2,3.88
A0581,Agent_581,Pune,Luxury Homes,7,3.17
A0582,Agent_582,Hyderabad,Budget Homes,16,4.1
A0583,Agent_583,Delhi,Budget Homes,10,4.01
A0584,Agent_584,Delhi,Villas,5,3.44
A0585,Agent_585,Pune,Apartments,7,4.92
A0586,Agent_586,Hyderabad,Luxury Homes,17,4.67
A0587,Agent_587,Pune,Luxury Homes,3,4.25
A0588,Agent_588,Mumbai,Luxury Homes,20,4.83
A0589,Agent_589,Delhi,Apartments,12,4.71
A0590,Agent_590,Hyderabad,Budget Homes,19,4.56
A0591,Agent_591,Hyderabad,Apartments,16,4.44
A0592,Agent_592,Bangalore,Luxury Homes,10,3.56
A0593,Agent_593,Delhi,Apartments,9,3.22
A0594,Agent_594,Mumbai,Plots,13,3.49
A0595,Agent_595,Mumbai,Luxury Homes,15,3.65
A0596,Agent_596,Mumbai,Villas,1,4.52
A0597,Agent_597,Mumbai,Villas,20,4.69
A0598,Agent_598,Hyderabad,Apartments,1,3.42
A0599,Agent_599,Hyderabad,Plots,20,4.55
A0600,Agent_600,Mumbai,Apartments,15,3.41
A0601,Agent_601,Bangalore,Apartments,4,4.13
A0602,Agent_602,Delhi,Plots,6,3.47
A0603,Agent_603,Mumbai,Budget Homes,18,4.52
A0604,Agent_604,Pune,Plots,18,4.87
A0605,Agent_605,Pune,Plots,19,3.71
A0606,Agent_606,Mumbai,Luxury Homes,11,3.42
A0607,Agent_607,Hyderabad,Apartments,20,4.9
A0608,Agent_608,Mumbai,Budget Homes,18,3.01
A0609,Agent_609,Bangalore,Plots,13,4.53
A0610,Agent_610,Pune,Luxury Homes,14,4.17
A0611,Agent_611,Pune,Villas,19,4.52
A0612,Agent_612,Chennai,Villas,7,3.36
A0613,Agent_613,Hyderabad,Plots,19,4.01
A0614,Agent_614,Hyderabad,Budget Homes,16,3.48
A0615,Agent_615,Chennai,Villas,19,4.73
A0616,Agent_616,Delhi,Apartments,1,3.98
A0617,Agent_617,Chennai,Villas,9,3.88
A0618,Agent_618,Mumbai,Luxury Homes,16,4.31
A0619,Agent_619,Mumbai,Luxury Homes,12,4.06
A0620,Agent_620,Hyderabad,Villas,7,3.27
A0621,Agent_621,Delhi,Budget Homes,9,3.78
A0622,Agent_622,Mumbai,Plots,1,3.9
A0623,Agent_623,Chennai,Plots,1,4.9
A0624,Agent_624,Delhi,Plots,7,4.46
A0625,Agent_625,Hyderabad,Luxury Homes,5,4.84
A0626,Agent_626,Mumbai,Luxury Homes,17,3.25
A0627,Agent_627,Bangalore,Plots,13,4.0
A0628,Agent_628,Hyderabad,Budget Homes,9,3.05
A0629,Agent_629,Pune,Apartments,11,4.81
A0630,Agent_630,Mumbai,Villas,14,3.26
A0631,Agent_631,Pune,Budget Homes,11,4.66
A0632,Agent_632,Bangalore,Apartments,3,4.97
A0633,Agent_633,Chennai,Luxury Homes,7,4.27
A0634,Agent_634,Pune,Luxury Homes,13,4.96
A0635,Agent_635,Delhi,Apartments,16,3.12
A0636,Agent_636,Chennai,Luxury Homes,19,3.34
A0637,Agent_637,Mumbai,Apartments,2,3.5
A0638,Agent_638,Bangalore,Villas,15,3.06
A0639,Agent_639,Pune,Luxury Homes,16,3.94
A0640,Agent_640,Hyderabad,Luxury Homes,9,3.88
A0641,Agent_641,Mumbai,Apartments,6,4.87
A0642,Agent_642,Bangalore,Apartments,17,4.06
A0643,Agent_643,Chennai,Luxury Homes,11,4.1
A0644,Agent_644,Mumbai,Plots,18,3.26
A0645,Agent_645,Hyderabad,Apartments,16,3.46
A0646,Agent_646,Bangalore,Apartments,9,4.58
A0647,Agent_647,Delhi,Apartments,2,4.12
A0648,Agent_648,Chennai,Luxury Homes,8,4.24
A0649,Agent_649,Mumbai,Plots,16,3.62
A0650,Agent_650,Delhi,Plots,2,3.23
A0651,Agent_651,Mumbai,Villas,6,4.41
A0652,Agent_652,Hyderabad,Budget Homes,4,4.76
A0653,Agent_653,Chennai,Apartments,4,4.9
A0654,Agent_654,Pune,Luxury Homes,8,4.32
A0655,Agent_655,Delhi,Budget Homes,8,3.02
A0656,Agent_656,Bangalore,Budget Homes,14,3.0
A0657,Agent_657,Pune,Budget Homes,3,4.25
A0658,Agent_658,Delhi,Luxury Homes,12,3.08
A0659,Agent_659,Pune,Villas,4,3.36
A0660,Agent_660,Hyderabad,Budget Homes,18,4.81
A0661,Agent_661,Mumbai,Luxury Homes,2,3.63
A0662,Agent_662,Bangalore,Budget Homes,9,3.65
A0663,Agent_663,Delhi,Apartments,14,3.52
A0664,Agent_664,Pune,Budget Homes,18,4.55
A0665,Agent_665,Chennai,Budget Homes,17,3.85
A0666,Agent_666,Mumbai,Plots,13,3.41
A0667,Agent_667,Pune,Luxury Homes,8,4.54
A0668,Agent_668,Delhi,Apartments,6,4.96
A0669,Agent_669,Mumbai,Plots,14,3.75
A0670,Agent_670,Chennai,Plots,11,3.93
A0671,Agent_671,Mumbai,Apartments,17,3.0
A0672,Agent_672,Delhi,Villas,10,3.89
A0673,Agent_673,Pune,Plots,3,3.45
A0674,Agent_674,Delhi,Apartments,16,3.43
A0675,Agent_675,Chennai,Budget Homes,20,4.01
A0676,Agent_676,Pune,Apartments,1,3.96
A0677,Agent_677,Pune,Apartments,1,3.02
A0678,Agent_678,Hyderabad,Plots,8,3.41
A0679,Agent_679,Pune,Villas,15,4.39
A0680,Agent_680,Bangalore,Plots,11,4.78
A0681,Agent_681,Delhi,Villas,9,4.17
A0682,Agent_682,Bangalore,Apartments,16,3.26
A0683,Agent_683,Mumbai,Apartments,3,4.15
A0684,Agent_684,Delhi,Luxury Homes,20,4.21
A0685,Agent_685,Bangalore,Luxury Homes,2,4.44
A0686,Agent_686,Bangalore,Villas,6,3.38
A0687,Agent_687,Mumbai,Apartments,18,3.45
A0688,Agent_688,Pune,Luxury Homes,6,3.77
A0689,Agent_689,Chennai,Apartments,18,4.58
A0690,Agent_690,Mumbai,Luxury Homes,6,3.67
A0691,Agent_691,Delhi,Plots,18,3.22
A0692,Agent_692,Bangalore,Apartments,14,4.21
A0693,Agent_693,Hyderabad,Apartments,17,3.45
A0694,Agent_694,Hyderabad,Apartments,4,4.72
A0695,Agent_695,Chennai,Luxury Homes,20,4.91
A0696,Agent_696,Delhi,Budget Homes,4,4.05
A0697,Agent_697,Mumbai,Budget Homes,16,4.8
A0698,Agent_698,Delhi,Budget Homes,4,3.09
A0699,Agent_699,Delhi,Budget Homes,16,4.02
A0700,Agent_700,Chennai,Apartments,15,4.05
A0701,Agent_701,Hyderabad,Plots,20,3.9
A0702,Agent_702,Pune,Apartments,11,3.67
A0703,Agent_703,Hyderabad,Villas,13,3.83
A0704,Agent_704,Chennai,Apartments,14,4.49
A0705,Agent_705,Chennai,Plots,17,3.1
A0706,Agent_706,Delhi,Apartments,2,3.47
A0707,Agent_707,Hyderabad,Villas,6,3.59
A0708,Agent_708,Hyderabad,Apartments,3,3.34
A0709,Agent_709,Delhi,Luxury Homes,17,3.2
A0710,Agent_710,Delhi,Villas,15,4.7
A0711,Agent_711,Bangalore,Plots,15,4.02
A0712,Agent_712,Chennai,Luxury Homes,19,4.46
A0713,Agent_713,Pune,Luxury Homes,12,4.21
A0714,Agent_714,Pune,Luxury Homes,11,3.99
A0715,Agent_715,Delhi,Luxury Homes,12,4.17
A0716,Agent_716,Chennai,Luxury Homes,17,4.85
A0717,Agent_717,Pune,Villas,18,3.47
A0718,Agent_718,Chennai,Apartments,19,4.41
A0719,Agent_719,Delhi,Apartments,17,3.66
A0720,Agent_720,Bangalore,Apartments,14,4.29
A0721,Agent_721,Bangalore,Luxury Homes,17,3.35
A0722,Agent_722,Chennai,Plots,5,3.97
A0723,Agent_723,Pune,Plots,16,4.1
A0724,Agent_724,Pune,Luxury Homes,15,4.88
A0725,Agent_725,Delhi,Luxury Homes,3,3.96
A0726,Agent_726,Chennai,Budget Homes,4,4.17
A0727,Agent_727,Mumbai,Villas,3,3.2
A0728,Agent_728,Pune,Apartments,3,4.8
A0729,Agent_729,Hyderabad,Plots,8,3.22
A0730,Agent_730,Hyderabad,Villas,3,3.51
A0731,Agent_731,Mumbai,Apartments,5,4.9
A0732,Agent_732,Chennai,Villas,19,3.92
A0733,Agent_733,Hyderabad,Luxury Homes,16,3.8
A0734,Agent_734,Hyderabad,Luxury Homes,5,3.18
A0735,Agent_735,Pune,Villas,4,3.28
A0736,Agent_736,Bangalore,Apartments,8,3.84
A0737,Agent_737,Delhi,Villas,19,3.3
A0738,Agent_738,Mumbai,Budget Homes,1,3.6
A0739,Agent_739,Bangalore,Villas,15,4.6
A0740,Agent_740,Delhi,Budget Homes,1,4.65
A0741,Agent_741,Delhi,Villas,3,4.91
A0742,Agent_742,Pune,Villas,9,4.96
A0743,Agent_743,Chennai,Plots,7,3.11
A0744,Agent_744,Mumbai,Luxury Homes,4,4.35
A0745,Agent_745,Pune,Luxury Homes,6,3.52
A0746,Agent_746,Hyderabad,Plots,10,4.29
A0747,Agent_747,Pune,Apartments,2,4.57
A0748,Agent_748,Bangalore,Villas,1,3.98
A0749,Agent_749,Pune,Budget Homes,4,4.61
A0750,Agent_750,Bangalore,Budget Homes,1,3.3
A0751,Agent_751,Hyderabad,Budget Homes,6,4.97
A0752,Agent_752,Bangalore,Plots,20,4.98
A0753,Agent_753,Bangalore,Luxury Homes,8,3.87
A0754,Agent_754,Pune,Plots,3,4.34
A0755,Agent_755,Pune,Apartments,2,3.51
A0756,Agent_756,Mumbai,Budget Homes,10,4.61
A0757,Agent_757,Pune,Villas,5,4.04
A0758,Agent_758,Delhi,Luxury Homes,7,4.48
A0759,Agent_759,Chennai,Plots,12,3.74
A0760,Agent_760,Chennai,Villas,10,3.57
A0761,Agent_761,Hyderabad,Budget Homes,6,3.44
A0762,Agent_762,Bangalore,Budget Homes,16,4.66
A0763,Agent_763,Delhi,Luxury Homes,10,4.64
A0764,Agent_764,Bangalore,Luxury Homes,15,4.7
A0765,Agent_765,Delhi,Plots,10,3.42
A0766,Agent_766,Hyderabad,Apartments,16,3.01
A0767,Agent_767,Bangalore,Budget Homes,10,3.06
A0768,Agent_768,Bangalore,Budget Homes,4,3.79
A0769,Agent_769,Delhi,Budget Homes,18,3.76
A0770,Agent_770,Delhi,Apartments,9,3.2
A0771,Agent_771,Delhi,Luxury Homes,14,3.16
A0772,Agent_772,Chennai,Apartments,20,3.06
A0773,Agent_773,Delhi,Plots,6,4.68
A0774,Agent_774,Mumbai,Apartments,1,4.55
A0775,Agent_775,Pune,Luxury Homes,16,3.24
A0776,Agent_776,Bangalore,Budget Homes,6,3.9
A0777,Agent_777,Bangalore,Villas,20,3.19
A0778,Agent_778,Hyderabad,Plots,15,4.75
A0779,Agent_779,Mumbai,Luxury Homes,3,4.91
A0780,Agent_780,Mumbai,Plots,19,4.84
A0781,Agent_781,Pune,Villas,19,3.9
A0782,Agent_782,Delhi,Apartments,6,4.85
A0783,Agent_783,Chennai,Villas,11,4.77
A0784,Agent_784,Chennai,Villas,14,4.08
A0785,Agent_785,Chennai,Luxury Homes,16,3.42
A0786,Agent_786,Chennai,Plots,2,3.66
A0787,Agent_787,Chennai,Budget Homes,18,3.54
A0788,Agent_788,Chennai,Luxury Homes,6,3.4
A0789,Agent_789,Mumbai,Apartments,17,3.28
A0790,Agent_790,Pune,Luxury Homes,6,4.4
A0791,Agent_791,Hyderabad,Villas,16,3.55
A0792,Agent_792,Chennai,Plots,2,4.91
A0793,Agent_793,Chennai,Budget Homes,1,4.42
A0794,Agent_794,Pune,Budget Homes,7,4.02
A0795,Agent_795,Mumbai,Plots,3,3.14
A0796,Agent_796,Pune,Luxury Homes,18,3.02
A0797,Agent_797,Mumbai,Budget Homes,16,4.66
A0798,Agent_798,Pune,Luxury Homes,15,4.0
A0799,Agent_799,Delhi,Apartments,3,4.32
A0800,Agent_800,Pune,Plots,8,4.21
A0801,Agent_801,Bangalore,Plots,7,4.1
A0802,Agent_802,Pune,Plots,2,3.43
A0803,Agent_803,Mumbai,Budget Homes,15,4.87
A0804,Agent_804,Delhi,Plots,15,3.31
A0805,Agent_805,Hyderabad,Plots,13,4.07
A0806,Agent_806,Pune,Luxury Homes,11,3.86
A0807,Agent_807,Delhi,Plots,11,4.48
A0808,Agent_808,Hyderabad,Plots,7,4.87
A0809,Agent_809,Mumbai,Apartments,18,3.78
A0810,Agent_810,Bangalore,Budget Homes,9,3.63
A0811,Agent_811,Delhi,Plots,12,4.24
A0812,Agent_812,Delhi,Villas,4,3.16
A0813,Agent_813,Pune,Budget Homes,8,3.92
A0814,Agent_814,Hyderabad,Villas,20,3.62
A0815,Agent_815,Chennai,Budget Homes,20,3.87
A0816,Agent_816,Chennai,Villas,7,3.42
A0817,Agent_817,Mumbai,Villas,17,4.12
A0818,Agent_818,Pune,Luxury Homes,7,3.16
A0819,Agent_819,Bangalore,Budget Homes,7,4.11
A0820,Agent_820,Pune,Apartments,17,3.37
A0821,Agent_821,Mumbai,Apartments,5,4.06
A0822,Agent_822,Mumbai,Villas,18,4.39
A0823,Agent_823,Bangalore,Villas,17,4.95
A0824,Agent_824,Hyderabad,Apartments,18,4.58
A0825,Agent_825,Hyderabad,Budget Homes,17,3.17
A0826,Agent_826,Mumbai,Plots,10,3.49
A0827,Agent_827,Hyderabad,Plots,14,4.48
A0828,Agent_828,Bangalore,Villas,13,4.6
A0829,Agent_829,Mumbai,Budget Homes,17,3.24
A0830,Agent_830,Chennai,Apartments,4,4.96
A0831,Agent_831,Mumbai,Plots,5,4.24
A0832,Agent_832,Delhi,Luxury Homes,16,3.74
A0833,Agent_833,Hyderabad,Plots,3,3.5
A0834,Agent_834,Pune,Apartments,20,3.38
A0835,Agent_835,Bangalore,Luxury Homes,20,4.14
A0836,Agent_836,Delhi,Apartments,4,3.65
A0837,Agent_837,Pune,Budget Homes,9,4.56
A0838,Agent_838,Hyderabad,Plots,6,4.13
A0839,Agent_839,Hyderabad,Apartments,13,4.61
A0840,Agent_840,Chennai,Apartments,1,3.83
A0841,Agent_841,Pune,Plots,2,4.76
A0842,Agent_842,Delhi,Villas,16,4.65
A0843,Agent_843,Hyderabad,Budget Homes,3,4.24
A0844,Agent_844,Hyderabad,Plots,20,4.6
A0845,Agent_845,Delhi,Villas,9,3.15
A0846,Agent_846,Delhi,Budget Homes,11,4.59
A0847,Agent_847,Mumbai,Villas,12,4.44
A0848,Agent_848,Mumbai,Villas,2,4.45
A0849,Agent_849,Hyderabad,Luxury Homes,17,3.57
A0850,Agent_850,Mumbai,Luxury Homes,5,3.15
A0851,Agent_851,Chennai,Plots,3,3.59
A0852,Agent_852,Hyderabad,Plots,17,3.16
A0853,Agent_853,Pune,Apartments,16,4.08
A0854,Agent_854,Hyderabad,Plots,16,3.99
A0855,Agent_855,Hyderabad,Villas,18,3.16
A0856,Agent_856,Bangalore,Villas,20,4.16
A0857,Agent_857,Bangalore,Villas,14,3.14
A0858,Agent_858,Chennai,Budget Homes,3,4.97
A0859,Agent_859,Hyderabad,Luxury Homes,19,4.84
A0860,Agent_860,Delhi,Plots,19,4.41
A0861,Agent_861,Bangalore,Luxury Homes,5,4.52
A0862,Agent_862,Bangalore,Budget Homes,8,4.18
A0863,Agent_863,Hyderabad,Villas,10,3.44
A0864,Agent_864,Bangalore,Luxury Homes,6,4.33
A0865,Agent_865,Hyderabad,Apartments,8,3.52
A0866,Agent_866,Pune,Villas,4,4.92
A0867,Agent_867,Pune,Apartments,16,3.72
A0868,Agent_868,Delhi,Plots,5,4.45
A0869,Agent_869,Chennai,Villas,10,3.85
A0870,Agent_870,Chennai,Budget Homes,15,3.01
A0871,Agent_871,Bangalore,Villas,3,4.62
A0872,Agent_872,Mumbai,Apartments,11,4.4
A0873,Agent_873,Bangalore,Budget Homes,16,4.0
A0874,Agent_874,Chennai,Apartments,3,3.2
A0875,Agent_875,Mumbai,Villas,16,4.12
A0876,Agent_876,Pune,Villas,6,3.72
A0877,Agent_877,Mumbai,Budget Homes,7,3.99
A0878,Agent_878,Delhi,Apartments,6,4.46
A0879,Agent_879,Pune,Villas,15,3.13
A0880,Agent_880,Mumbai,Villas,10,4.54
A0881,Agent_881,Chennai,Luxury Homes,12,3.49
A0882,Agent_882,Mumbai,Budget Homes,15,3.65
A0883,Agent_883,Pune,Plots,20,3.59
A0884,Agent_884,Pune,Plots,10,4.87
A0885,Agent_885,Chennai,Luxury Homes,19,4.09
A0886,Agent_886,Delhi,Budget Homes,20,4.51
A0887,Agent_887,Pune,Apartments,12,4.65
A0888,Agent_888,Bangalore,Villas,3,3.65
A0889,Agent_889,Hyderabad,Apartments,10,4.51
A0890,Agent_890,Mumbai,Apartments,5,3.23
A0891,Agent_891,Bangalore,Luxury Homes,2,4.34
A0892,Agent_892,Chennai,Budget Homes,6,4.79
A0893,Agent_893,Delhi,Villas,20,3.99
A0894,Agent_894,Delhi,Apartments,10,3.39
A0895,Agent_895,Pune,Luxury Homes,10,4.41
A0896,Agent_896,Delhi,Villas,18,3.57
A0897,Agent_897,Pune,Budget Homes,20,3.89
A0898,Agent_898,Chennai,Budget Homes,8,4.15
A0899,Agent_899,Bangalore,Budget Homes,13,4.3
A0900,Agent_900,Pune,Plots,13,4.8
A0901,Agent_901,Pune,Apartments,19,3.8
A0902,Agent_902,Pune,Plots,2,4.56
A0903,Agent_903,Bangalore,Villas,20,4.4
A0904,Agent_904,Pune,Villas,13,4.73
A0905,Agent_905,Chennai,Plots,3,3.15
A0906,Agent_906,Chennai,Apartments,12,3.84
A0907,Agent_907,Hyderabad,Plots,18,4.25
A0908,Agent_908,Chennai,Plots,6,3.51
A0909,Agent_909,Delhi,Plots,17,4.82
A0910,Agent_910,Bangalore,Villas,12,4.95
A0911,Agent_911,Bangalore,Plots,3,3.49
A0912,Agent_912,Bangalore,Villas,1,4.56
A0913,Agent_913,Hyderabad,Budget Homes,20,3.55
A0914,Agent_914,Bangalore,Luxury Homes,18,3.39
A0915,Agent_915,Bangalore,Luxury Homes,10,4.58
A0916,Agent_916,Pune,Budget Homes,5,3.89
A0917,Agent_917,Hyderabad,Plots,15,3.34
A0918,Agent_918,Mumbai,Luxury Homes,10,4.79
A0919,Agent_919,Chennai,Budget Homes,9,3.96
A0920,Agent_920,Hyderabad,Apartments,8,3.13
A0921,Agent_921,Chennai,Budget Homes,12,3.57
A0922,Agent_922,Pune,Apartments,6,4.32
A0923,Agent_923,Pune,Luxury Homes,8,4.76
A0924,Agent_924,Delhi,Villas,16,4.32
A0925,Agent_925,Hyderabad,Luxury Homes,19,3.56
A0926,Agent_926,Pune,Luxury Homes,12,3.48
A0927,Agent_927,Hyderabad,Luxury Homes,12,4.38
A0928,Agent_928,Delhi,Apartments,13,3.04
A0929,Agent_929,Delhi,Apartments,19,3.57
A0930,Agent_930,Pune,Luxury Homes,18,4.03
A0931,Agent_931,Hyderabad,Luxury Homes,19,4.01
A0932,Agent_932,Bangalore,Apartments,9,3.04
A0933,Agent_933,Chennai,Plots,6,3.78
A0934,Agent_934,Pune,Villas,13,4.7
A0935,Agent_935,Mumbai,Budget Homes,14,3.72
A0936,Agent_936,Hyderabad,Apartments,13,4.44
A0937,Agent_937,Hyderabad,Plots,12,4.88
A0938,Agent_938,Pune,Apartments,20,3.74
A0939,Agent_939,Chennai,Luxury Homes,12,3.65
A0940,Agent_940,Pune,Luxury Homes,10,4.57
A0941,Agent_941,Hyderabad,Luxury Homes,2,3.85
A0942,Agent_942,Pune,Budget Homes,10,4.9
A0943,Agent_943,Chennai,Apartments,9,3.84
A0944,Agent_944,Delhi,Luxury Homes,15,4.04
A0945,Agent_945,Mumbai,Villas,18,4.38
A0946,Agent_946,Delhi,Apartments,4,4.51
A0947,Agent_947,Bangalore,Budget Homes,20,3.94
A0948,Agent_948,Pune,Budget Homes,14,4.75
A0949,Agent_949,Bangalore,Villas,7,4.13
A0950,Agent_950,Pune,Apartments,1,3.72
A0951,Agent_951,Mumbai,Plots,8,3.47
A0952,Agent_952,Delhi,Luxury Homes,17,3.5
A0953,Agent_953,Hyderabad,Luxury Homes,20,3.08
A0954,Agent_954,Pune,Luxury Homes,9,4.46
A0955,Agent_955,Mumbai,Luxury Homes,18,3.12
A0956,Agent_956,Mumbai,Villas,8,4.48
A0957,Agent_957,Mumbai,Villas,11,4.39
A0958,Agent_958,Chennai,Plots,7,4.3
A0959,Agent_959,Pune,Budget Homes,9,4.64
A0960,Agent_960,Chennai,Plots,19,4.88
A0961,Agent_961,Pune,Budget Homes,10,4.33
A0962,Agent_962,Hyderabad,Plots,1,3.88
A0963,Agent_963,Bangalore,Villas,16,4.35
A0964,Agent_964,Pune,Luxury Homes,1,4.32
A0965,Agent_965,Bangalore,Villas,18,4.43
A0966,Agent_966,Chennai,Budget Homes,4,4.35
A0967,Agent_967,Bangalore,Luxury Homes,13,4.46
A0968,Agent_968,Chennai,Luxury Homes,16,3.93
A0969,Agent_969,Mumbai,Apartments,1,3.16
A0970,Agent_970,Bangalore,Luxury Homes,10,3.02
A0971,Agent_971,Pune,Luxury Homes,11,4.33
A0972,Agent_972,Delhi,Plots,6,3.62
A0973,Agent_973,Bangalore,Luxury Homes,16,4.07
A0974,Agent_974,Pune,Plots,13,4.76
A0975,Agent_975,Pune,Budget Homes,3,4.82
A0976,Agent_976,Mumbai,Luxury Homes,12,3.96
A0977,Agent_977,Hyderabad,Budget Homes,12,3.41
A0978,Agent_978,Mumbai,Luxury Homes,19,4.9
A0979,Agent_979,Mumbai,Plots,2,4.74
A0980,Agent_980,Chennai,Plots,14,4.85
A0981,Agent_981,Chennai,Villas,10,4.99
A0982,Agent_982,Delhi,Villas,6,3.72
A0983,Agent_983,Hyderabad,Apartments,6,3.37
A0984,Agent_984,Hyderabad,Apartments,12,4.53
A0985,Agent_985,Delhi,Plots,14,4.05
A0986,Agent_986,Delhi,Villas,3,3.66
A0987,Agent_987,Mumbai,Luxury Homes,4,4.28
A0988,Agent_988,Hyderabad,Plots,20,3.82
A0989,Agent_989,Chennai,Budget Homes,3,4.91
A0990,Agent_990,Hyderabad,Apartments,3,4.87
A0991,Agent_991,Delhi,Plots,15,3.78
A0992,Agent_992,Delhi,Villas,6,4.2
A0993,Agent_993,Pune,Villas,18,3.39
A0994,Agent_994,Mumbai,Apartments,18,3.01
A0995,Agent_995,Mumbai,Plots,18,4.59
A0996,Agent_996,Mumbai,Villas,4,4.22
A0997,Agent_997,Hyderabad,Apartments,2,4.47
A0998,Agent_998,Pune,Budget Homes,10,4.62
A0999,Agent_999,Delhi,Luxury Homes,14,3.12
